timestamp,region,score
1774742403.950178,USA,21
1774742403.950178,China,18
1774742403.950178,Latam,18
1774742403.950178,Mexico,17
1774742403.950178,Argentina,17
1774742403.950178,Brasil,17
1774742403.950178,Sahel,32
1774742403.950178,Asia_Pacifico,17
1774742403.950178,Europa_Core,17
1774742403.950178,North_Korea,35
1774742403.950178,Australia,17
1774742403.950178,ARGENTINA,17
1774742403.950178,LATAM,18
1774742403.950178,SAHEL,32
1774742403.950178,ESPANA,17
1774742403.950178,NORTH_KOREA,35
1774742403.950178,EUROPA_CORE,17
1774742403.950178,AUSTRALIA,17
1774742403.950178,CHINA,18
1774742403.950178,IRAN_M_ORIENTE,68
1774742403.950178,MEXICO,17
1774742403.950178,RUSIA_UCRANIA,62
1774742403.950178,BRASIL,17
1774742403.950178,ASIA_PACIFICO,17
1774744203.6835415,Iran_M_Oriente,68
1774744203.6835415,Espana,17
1774744203.6835415,Rusia_Ucrania,62
1774744203.6835415,USA,20
1774744203.6835415,China,18
1774744203.6835415,Latam,18
1774744203.6835415,Mexico,17
1774744203.6835415,Argentina,17
1774744203.6835415,Brasil,17
1774744203.6835415,Sahel,32
1774744203.6835415,Asia_Pacifico,17
1774744203.6835415,Europa_Core,17
1774744203.6835415,North_Korea,35
1774744203.6835415,Australia,17
1774744203.6835415,ARGENTINA,17
1774744203.6835415,LATAM,18
1774744203.6835415,SAHEL,32
1774744203.6835415,ESPANA,17
1774744203.6835415,NORTH_KOREA,35
1774744203.6835415,EUROPA_CORE,17
1774744203.6835415,AUSTRALIA,17
1774744203.6835415,CHINA,18
1774744203.6835415,IRAN_M_ORIENTE,68
1774744203.6835415,MEXICO,17
1774744203.6835415,RUSIA_UCRANIA,62
1774744203.6835415,BRASIL,17
1774744203.6835415,ASIA_PACIFICO,17
1774746004.3385696,Iran_M_Oriente,68
1774746004.3385696,Espana,17
1774746004.3385696,Rusia_Ucrania,62
1774746004.3385696,USA,21
1774746004.3385696,China,18
1774746004.3385696,Latam,18
1774746004.3385696,Mexico,17
1774746004.3385696,Argentina,17
1774746004.3385696,Brasil,17
1774746004.3385696,Sahel,32
1774746004.3385696,Asia_Pacifico,17
1774746004.3385696,Europa_Core,17
1774746004.3385696,North_Korea,35
1774746004.3385696,Australia,17
1774746004.3385696,ARGENTINA,17
1774746004.3385696,LATAM,18
1774746004.3385696,SAHEL,32
1774746004.3385696,ESPANA,17
1774746004.3385696,NORTH_KOREA,35
1774746004.3385696,EUROPA_CORE,17
1774746004.3385696,AUSTRALIA,17
1774746004.3385696,CHINA,18
1774746004.3385696,IRAN_M_ORIENTE,68
1774746004.3385696,MEXICO,17
1774746004.3385696,RUSIA_UCRANIA,62
1774746004.3385696,BRASIL,17
1774746004.3385696,ASIA_PACIFICO,17
1774747804.2260225,Iran_M_Oriente,68
1774747804.2260225,Espana,17
1774747804.2260225,Rusia_Ucrania,62
1774747804.2260225,USA,21
1774747804.2260225,China,18
1774747804.2260225,Latam,18
1774747804.2260225,Mexico,17
1774747804.2260225,Argentina,17
1774747804.2260225,Brasil,17
1774747804.2260225,Sahel,32
1774747804.2260225,Asia_Pacifico,17
1774747804.2260225,Europa_Core,17
1774747804.2260225,North_Korea,35
1774747804.2260225,Australia,17
1774747804.2260225,ARGENTINA,17
1774747804.2260225,LATAM,18
1774747804.2260225,SAHEL,32
1774747804.2260225,ESPANA,17
1774747804.2260225,NORTH_KOREA,35
1774747804.2260225,EUROPA_CORE,17
1774747804.2260225,AUSTRALIA,17
1774747804.2260225,CHINA,18
1774747804.2260225,IRAN_M_ORIENTE,68
1774747804.2260225,MEXICO,17
1774747804.2260225,RUSIA_UCRANIA,62
1774747804.2260225,BRASIL,17
1774747804.2260225,ASIA_PACIFICO,17
1774749603.5014386,Iran_M_Oriente,68
1774749603.5014386,Espana,17
1774749603.5014386,Rusia_Ucrania,62
1774749603.5014386,USA,21
1774749603.5014386,China,18
1774749603.5014386,Latam,18
1774749603.5014386,Mexico,17
1774749603.5014386,Argentina,17
1774749603.5014386,Brasil,17
1774749603.5014386,Sahel,32
1774749603.5014386,Asia_Pacifico,17
1774749603.5014386,Europa_Core,17
1774749603.5014386,North_Korea,35
1774749603.5014386,Australia,17
1774749603.5014386,ARGENTINA,17
1774749603.5014386,LATAM,18
1774749603.5014386,SAHEL,32
1774749603.5014386,ESPANA,17
1774749603.5014386,NORTH_KOREA,35
1774749603.5014386,EUROPA_CORE,17
1774749603.5014386,AUSTRALIA,17
1774749603.5014386,CHINA,18
1774749603.5014386,IRAN_M_ORIENTE,68
1774749603.5014386,MEXICO,17
1774749603.5014386,RUSIA_UCRANIA,62
1774749603.5014386,BRASIL,17
1774749603.5014386,ASIA_PACIFICO,17
1774751403.5802665,Iran_M_Oriente,68
1774751403.5802665,Espana,17
1774751403.5802665,Rusia_Ucrania,62
1774751403.5802665,USA,21
1774751403.5802665,China,18
1774751403.5802665,Latam,18
1774751403.5802665,Mexico,17
1774751403.5802665,Argentina,17
1774751403.5802665,Brasil,17
1774751403.5802665,Sahel,32
1774751403.5802665,Asia_Pacifico,17
1774751403.5802665,Europa_Core,17
1774751403.5802665,North_Korea,35
1774751403.5802665,Australia,17
1774751403.5802665,ARGENTINA,17
1774751403.5802665,LATAM,18
1774751403.5802665,SAHEL,32
1774751403.5802665,ESPANA,17
1774751403.5802665,NORTH_KOREA,35
1774751403.5802665,EUROPA_CORE,17
1774751403.5802665,AUSTRALIA,17
1774751403.5802665,CHINA,18
1774751403.5802665,IRAN_M_ORIENTE,68
1774751403.5802665,MEXICO,17
1774751403.5802665,RUSIA_UCRANIA,62
1774751403.5802665,BRASIL,17
1774751403.5802665,ASIA_PACIFICO,17
1774753204.162787,Iran_M_Oriente,68
1774753204.162787,Espana,17
1774753204.162787,Rusia_Ucrania,62
1774753204.162787,USA,21
1774753204.162787,China,18
1774753204.162787,Latam,18
1774753204.162787,Mexico,17
1774753204.162787,Argentina,17
1774753204.162787,Brasil,17
1774753204.162787,Sahel,32
1774753204.162787,Asia_Pacifico,17
1774753204.162787,Europa_Core,17
1774753204.162787,North_Korea,35
1774753204.162787,Australia,17
1774753204.162787,ARGENTINA,17
1774753204.162787,LATAM,18
1774753204.162787,SAHEL,32
1774753204.162787,ESPANA,17
1774753204.162787,NORTH_KOREA,35
1774753204.162787,EUROPA_CORE,17
1774753204.162787,AUSTRALIA,17
1774753204.162787,CHINA,18
1774753204.162787,IRAN_M_ORIENTE,68
1774753204.162787,MEXICO,17
1774753204.162787,RUSIA_UCRANIA,62
1774753204.162787,BRASIL,17
1774753204.162787,ASIA_PACIFICO,17
1774755003.1446025,Iran_M_Oriente,68
1774755003.1446025,Espana,17
1774755003.1446025,Rusia_Ucrania,62
1774755003.1446025,USA,21
1774755003.1446025,China,18
1774755003.1446025,Latam,18
1774755003.1446025,Mexico,17
1774755003.1446025,Argentina,17
1774755003.1446025,Brasil,17
1774755003.1446025,Sahel,32
1774755003.1446025,Asia_Pacifico,17
1774755003.1446025,Europa_Core,17
1774755003.1446025,North_Korea,35
1774755003.1446025,Australia,17
1774755003.1446025,ARGENTINA,17
1774755003.1446025,LATAM,18
1774755003.1446025,SAHEL,32
1774755003.1446025,ESPANA,17
1774755003.1446025,NORTH_KOREA,35
1774755003.1446025,EUROPA_CORE,17
1774755003.1446025,AUSTRALIA,17
1774755003.1446025,CHINA,18
1774755003.1446025,IRAN_M_ORIENTE,68
1774755003.1446025,MEXICO,17
1774755003.1446025,RUSIA_UCRANIA,62
1774755003.1446025,BRASIL,17
1774755003.1446025,ASIA_PACIFICO,17
1774756804.5302918,Iran_M_Oriente,68
1774756804.5302918,Espana,17
1774756804.5302918,Rusia_Ucrania,62
1774756804.5302918,USA,21
1774756804.5302918,China,18
1774756804.5302918,Latam,18
1774756804.5302918,Mexico,17
1774756804.5302918,Argentina,17
1774756804.5302918,Brasil,17
1774756804.5302918,Sahel,32
1774756804.5302918,Asia_Pacifico,17
1774756804.5302918,Europa_Core,17
1774756804.5302918,North_Korea,35
1774756804.5302918,Australia,17
1774756804.5302918,ARGENTINA,17
1774756804.5302918,LATAM,18
1774756804.5302918,SAHEL,32
1774756804.5302918,ESPANA,17
1774756804.5302918,NORTH_KOREA,35
1774756804.5302918,EUROPA_CORE,17
1774756804.5302918,AUSTRALIA,17
1774756804.5302918,CHINA,18
1774756804.5302918,IRAN_M_ORIENTE,68
1774756804.5302918,MEXICO,17
1774756804.5302918,RUSIA_UCRANIA,62
1774756804.5302918,BRASIL,17
1774756804.5302918,ASIA_PACIFICO,17
1774758604.010001,Iran_M_Oriente,68
1774758604.010001,Espana,17
1774758604.010001,Rusia_Ucrania,62
1774758604.010001,USA,21
1774758604.010001,China,18
1774758604.010001,Latam,18
1774758604.010001,Mexico,17
1774758604.010001,Argentina,17
1774758604.010001,Brasil,17
1774758604.010001,Sahel,32
1774758604.010001,Asia_Pacifico,17
1774758604.010001,Europa_Core,17
1774758604.010001,North_Korea,35
1774758604.010001,Australia,17
1774758604.010001,ARGENTINA,17
1774758604.010001,LATAM,18
2026-03-01T14:00:08.524942,ASIA,50
1774758604.010001,SAHEL,32
1774758604.010001,ESPANA,17
1774758604.010001,NORTH_KOREA,35
1774758604.010001,EUROPA_CORE,17
1774758604.010001,AUSTRALIA,17
1774758604.010001,CHINA,18
1774758604.010001,IRAN_M_ORIENTE,68
1774758604.010001,MEXICO,17
1774758604.010001,RUSIA_UCRANIA,62
1774758604.010001,BRASIL,17
1774758604.010001,ASIA_PACIFICO,17
1774760403.6070905,Iran_M_Oriente,68
1774760403.6070905,Espana,17
1774760403.6070905,Rusia_Ucrania,62
1774760403.6070905,USA,21
1774760403.6070905,China,18
1774760403.6070905,Latam,18
1774760403.6070905,Mexico,17
1774760403.6070905,Argentina,17
1774760403.6070905,Brasil,17
1774760403.6070905,Sahel,32
1774760403.6070905,Asia_Pacifico,17
1774760403.6070905,Europa_Core,17
1774760403.6070905,North_Korea,35
1774760403.6070905,Australia,17
1774760403.6070905,ARGENTINA,17
1774760403.6070905,LATAM,18
1774760403.6070905,SAHEL,32
1774760403.6070905,ESPANA,17
1774760403.6070905,NORTH_KOREA,35
1774760403.6070905,EUROPA_CORE,17
1774760403.6070905,AUSTRALIA,17
1774760403.6070905,CHINA,18
1774760403.6070905,IRAN_M_ORIENTE,68
1774760403.6070905,MEXICO,17
1774760403.6070905,RUSIA_UCRANIA,62
1774760403.6070905,BRASIL,17
1774760403.6070905,ASIA_PACIFICO,17
1774762203.7401087,Iran_M_Oriente,68
1774762203.7401087,Espana,17
1774762203.7401087,Rusia_Ucrania,62
1774762203.7401087,USA,21
1774762203.7401087,China,18
1774762203.7401087,Latam,18
1774762203.7401087,Mexico,17
1774762203.7401087,Argentina,17
1774762203.7401087,Brasil,17
1774762203.7401087,Sahel,32
1774762203.7401087,Asia_Pacifico,17
1774762203.7401087,Europa_Core,17
1774762203.7401087,North_Korea,35
1774762203.7401087,Australia,18
1774762203.7401087,ARGENTINA,17
1774762203.7401087,LATAM,18
1774762203.7401087,SAHEL,32
1774762203.7401087,ESPANA,17
1774762203.7401087,NORTH_KOREA,35
1774762203.7401087,EUROPA_CORE,17
1774762203.7401087,AUSTRALIA,18
1774762203.7401087,CHINA,18
2026-03-01T14:00:01.693797,EUROPA,58
1774762203.7401087,IRAN_M_ORIENTE,68
1774762203.7401087,MEXICO,17
1774762203.7401087,RUSIA_UCRANIA,62
1774762203.7401087,BRASIL,17
1774762203.7401087,ASIA_PACIFICO,17
2026-03-01T14:00:04.083515,M_ORIENTE,100
1774764004.5137212,Iran_M_Oriente,68
1774764004.5137212,Espana,17
1774764004.5137212,Rusia_Ucrania,62
1774764004.5137212,USA,21
1774764004.5137212,China,18
1774764004.5137212,Latam,18
1774764004.5137212,Mexico,17
1774764004.5137212,Argentina,17
1774764004.5137212,Brasil,17
1774764004.5137212,Sahel,32
1774764004.5137212,Asia_Pacifico,18
1774764004.5137212,Europa_Core,17
1774764004.5137212,North_Korea,35
1774764004.5137212,Australia,18
1774764004.5137212,ARGENTINA,17
1774764004.5137212,LATAM,18
1774764004.5137212,SAHEL,32
1774764004.5137212,ESPANA,17
1774764004.5137212,NORTH_KOREA,35
1774764004.5137212,EUROPA_CORE,17
1774764004.5137212,AUSTRALIA,18
1774764004.5137212,CHINA,18
1774764004.5137212,IRAN_M_ORIENTE,68
1774764004.5137212,MEXICO,17
1774764004.5137212,RUSIA_UCRANIA,62
1774764004.5137212,BRASIL,17
1774764004.5137212,ASIA_PACIFICO,18
1774765803.4411008,Iran_M_Oriente,68
1774765803.4411008,Espana,17
1774765803.4411008,Rusia_Ucrania,62
1774765803.4411008,USA,21
1774765803.4411008,China,19
1774765803.4411008,Latam,18
1774765803.4411008,Mexico,17
1774765803.4411008,Argentina,17
1774765803.4411008,Brasil,17
1774765803.4411008,Sahel,32
1774765803.4411008,Asia_Pacifico,18
1774765803.4411008,Europa_Core,17
1774765803.4411008,North_Korea,35
1774765803.4411008,Australia,18
1774765803.4411008,ARGENTINA,17
1774765803.4411008,LATAM,18
1774765803.4411008,SAHEL,32
1774765803.4411008,ESPANA,17
1774765803.4411008,NORTH_KOREA,35
1774765803.4411008,EUROPA_CORE,17
1774765803.4411008,AUSTRALIA,18
1774765803.4411008,CHINA,19
1774765803.4411008,IRAN_M_ORIENTE,68
1774765803.4411008,MEXICO,17
1774765803.4411008,RUSIA_UCRANIA,62
1774765803.4411008,BRASIL,17
1774765803.4411008,ASIA_PACIFICO,18
1774767603.8866289,Iran_M_Oriente,68
1774767603.8866289,Espana,17
1774767603.8866289,Rusia_Ucrania,62
1774767603.8866289,USA,21
1774767603.8866289,China,19
1774767603.8866289,Latam,18
1774767603.8866289,Mexico,17
1774767603.8866289,Argentina,17
1774767603.8866289,Brasil,17
1774767603.8866289,Sahel,32
1774767603.8866289,Asia_Pacifico,18
1774767603.8866289,Europa_Core,17
1774767603.8866289,North_Korea,35
1774767603.8866289,Australia,18
1774767603.8866289,ARGENTINA,17
1774767603.8866289,LATAM,18
1774767603.8866289,SAHEL,32
1774767603.8866289,ESPANA,17
1774767603.8866289,NORTH_KOREA,35
1774767603.8866289,EUROPA_CORE,17
1774767603.8866289,AUSTRALIA,18
1774767603.8866289,CHINA,19
1774767603.8866289,IRAN_M_ORIENTE,68
1774767603.8866289,MEXICO,17
1774767603.8866289,RUSIA_UCRANIA,62
1774767603.8866289,BRASIL,17
1774767603.8866289,ASIA_PACIFICO,18
1774769403.515449,Iran_M_Oriente,68
1774769403.515449,Espana,17
1774769403.515449,Rusia_Ucrania,62
1774769403.515449,USA,22
1774769403.515449,China,19
1774769403.515449,Latam,18
1774769403.515449,Mexico,17
1774769403.515449,Argentina,17
1774769403.515449,Brasil,17
1774769403.515449,Sahel,32
1774769403.515449,Asia_Pacifico,18
1774769403.515449,Europa_Core,17
1774769403.515449,North_Korea,35
1774769403.515449,Australia,18
1774769403.515449,ARGENTINA,17
1774769403.515449,LATAM,18
1774769403.515449,SAHEL,32
1774769403.515449,ESPANA,17
1774769403.515449,NORTH_KOREA,35
1774769403.515449,EUROPA_CORE,17
1774769403.515449,AUSTRALIA,18
1774769403.515449,CHINA,19
1774769403.515449,IRAN_M_ORIENTE,68
1774769403.515449,MEXICO,17
1774769403.515449,RUSIA_UCRANIA,62
1774769403.515449,BRASIL,17
1774769403.515449,ASIA_PACIFICO,18
1774771203.6467245,Iran_M_Oriente,68
1774771203.6467245,Espana,17
1774771203.6467245,Rusia_Ucrania,62
1774771203.6467245,USA,21
1774771203.6467245,China,19
1774771203.6467245,Latam,18
1774771203.6467245,Mexico,17
1774771203.6467245,Argentina,17
1774771203.6467245,Brasil,17
1774771203.6467245,Sahel,32
1774771203.6467245,Asia_Pacifico,18
1774771203.6467245,Europa_Core,17
1774771203.6467245,North_Korea,35
1774771203.6467245,Australia,18
1774771203.6467245,ARGENTINA,17
1774771203.6467245,LATAM,18
1774771203.6467245,SAHEL,32
1774771203.6467245,ESPANA,17
1774771203.6467245,NORTH_KOREA,35
1774771203.6467245,EUROPA_CORE,17
1774771203.6467245,AUSTRALIA,18
1774771203.6467245,CHINA,19
1774771203.6467245,IRAN_M_ORIENTE,68
1774771203.6467245,MEXICO,17
1774771203.6467245,RUSIA_UCRANIA,62
1774771203.6467245,BRASIL,17
1774771203.6467245,ASIA_PACIFICO,18
1774773004.0330217,Iran_M_Oriente,68
1774773004.0330217,Espana,17
1774773004.0330217,Rusia_Ucrania,62
1774773004.0330217,USA,21
1774773004.0330217,China,19
1774773004.0330217,Latam,18
1774773004.0330217,Mexico,17
1774773004.0330217,Argentina,17
1774773004.0330217,Brasil,17
1774773004.0330217,Sahel,32
1774773004.0330217,Asia_Pacifico,18
1774773004.0330217,Europa_Core,17
1774773004.0330217,North_Korea,35
1774773004.0330217,Australia,18
1774773004.0330217,ARGENTINA,17
1774773004.0330217,LATAM,18
1774773004.0330217,SAHEL,32
1774773004.0330217,ESPANA,17
1774773004.0330217,NORTH_KOREA,35
1774773004.0330217,EUROPA_CORE,17
1774773004.0330217,AUSTRALIA,18
1774773004.0330217,CHINA,19
1774773004.0330217,IRAN_M_ORIENTE,68
1774773004.0330217,MEXICO,17
1774773004.0330217,RUSIA_UCRANIA,62
1774773004.0330217,BRASIL,17
1774773004.0330217,ASIA_PACIFICO,18
1774774803.6812844,Iran_M_Oriente,68
1774774803.6812844,Espana,17
1774774803.6812844,Rusia_Ucrania,62
1774774803.6812844,USA,21
1774774803.6812844,China,19
1774774803.6812844,Latam,17
1774774803.6812844,Mexico,17
1774774803.6812844,Argentina,17
1774774803.6812844,Brasil,17
1774774803.6812844,Sahel,32
1774774803.6812844,Asia_Pacifico,18
1774774803.6812844,Europa_Core,17
1774774803.6812844,North_Korea,35
1774774803.6812844,Australia,18
1774774803.6812844,ARGENTINA,17
1774774803.6812844,LATAM,17
1774774803.6812844,SAHEL,32
1774774803.6812844,ESPANA,17
1774774803.6812844,NORTH_KOREA,35
1774774803.6812844,EUROPA_CORE,17
1774774803.6812844,AUSTRALIA,18
1774774803.6812844,CHINA,19
1774774803.6812844,IRAN_M_ORIENTE,68
1774774803.6812844,MEXICO,17
1774774803.6812844,RUSIA_UCRANIA,62
1774774803.6812844,BRASIL,17
1774774803.6812844,ASIA_PACIFICO,18
1774776603.9036124,Iran_M_Oriente,68
1774776603.9036124,Espana,17
1774776603.9036124,Rusia_Ucrania,62
1774776603.9036124,USA,21
1774776603.9036124,China,20
1774776603.9036124,Latam,17
1774776603.9036124,Mexico,17
1774776603.9036124,Argentina,17
1774776603.9036124,Brasil,17
1774776603.9036124,Sahel,32
1774776603.9036124,Asia_Pacifico,20
1774776603.9036124,Europa_Core,18
1774776603.9036124,North_Korea,35
1774776603.9036124,Australia,18
1774776603.9036124,ARGENTINA,17
1774776603.9036124,LATAM,17
1774776603.9036124,SAHEL,32
1774776603.9036124,ESPANA,17
1774776603.9036124,NORTH_KOREA,35
1774776603.9036124,EUROPA_CORE,18
1774776603.9036124,AUSTRALIA,18
1774776603.9036124,CHINA,20
1774776603.9036124,IRAN_M_ORIENTE,68
1774776603.9036124,MEXICO,17
1774776603.9036124,RUSIA_UCRANIA,62
1774776603.9036124,BRASIL,17
1774776603.9036124,ASIA_PACIFICO,20
1774778404.255522,Iran_M_Oriente,68
1774778404.255522,Espana,17
1774778404.255522,Rusia_Ucrania,62
1774778404.255522,USA,20
1774778404.255522,China,20
1774778404.255522,Latam,17
1774778404.255522,Mexico,17
1774778404.255522,Argentina,17
1774778404.255522,Brasil,17
1774778404.255522,Sahel,32
1774778404.255522,Asia_Pacifico,20
1774778404.255522,Europa_Core,18
1774778404.255522,North_Korea,35
1774778404.255522,Australia,18
1774778404.255522,ARGENTINA,17
1774778404.255522,LATAM,17
1774778404.255522,SAHEL,32
1774778404.255522,ESPANA,17
1774778404.255522,NORTH_KOREA,35
1774778404.255522,EUROPA_CORE,18
1774778404.255522,AUSTRALIA,18
1774778404.255522,CHINA,20
1774778404.255522,IRAN_M_ORIENTE,68
1774778404.255522,MEXICO,17
1774778404.255522,RUSIA_UCRANIA,62
1774778404.255522,BRASIL,17
1774778404.255522,ASIA_PACIFICO,20
1774780203.2466934,Iran_M_Oriente,68
1774780203.2466934,Espana,17
1774780203.2466934,Rusia_Ucrania,62
1774780203.2466934,USA,20
1774780203.2466934,China,19
1774780203.2466934,Latam,17
1774780203.2466934,Mexico,17
1774780203.2466934,Argentina,17
1774780203.2466934,Brasil,17
1774780203.2466934,Sahel,32
1774780203.2466934,Asia_Pacifico,20
1774780203.2466934,Europa_Core,18
1774780203.2466934,North_Korea,35
1774780203.2466934,Australia,18
1774780203.2466934,ARGENTINA,17
1774780203.2466934,LATAM,17
1774780203.2466934,SAHEL,32
1774780203.2466934,ESPANA,17
1774780203.2466934,NORTH_KOREA,35
1774780203.2466934,EUROPA_CORE,18
1774780203.2466934,AUSTRALIA,18
1774780203.2466934,CHINA,19
1774780203.2466934,IRAN_M_ORIENTE,68
1774780203.2466934,MEXICO,17
1774780203.2466934,RUSIA_UCRANIA,62
1774780203.2466934,BRASIL,17
1774780203.2466934,ASIA_PACIFICO,20
1774782003.2391376,Iran_M_Oriente,68
1774782003.2391376,Espana,17
1774782003.2391376,Rusia_Ucrania,62
1774782003.2391376,USA,20
1774782003.2391376,China,19
1774782003.2391376,Latam,17
1774782003.2391376,Mexico,17
1774782003.2391376,Argentina,17
1774782003.2391376,Brasil,17
1774782003.2391376,Sahel,32
1774782003.2391376,Asia_Pacifico,20
1774782003.2391376,Europa_Core,18
1774782003.2391376,North_Korea,35
1774782003.2391376,Australia,18
1774782003.2391376,ARGENTINA,17
1774782003.2391376,LATAM,17
1774782003.2391376,SAHEL,32
1774782003.2391376,ESPANA,17
1774782003.2391376,NORTH_KOREA,35
1774782003.2391376,EUROPA_CORE,18
1774782003.2391376,AUSTRALIA,18
1774782003.2391376,CHINA,19
1774782003.2391376,IRAN_M_ORIENTE,68
1774782003.2391376,MEXICO,17
1774782003.2391376,RUSIA_UCRANIA,62
1774782003.2391376,BRASIL,17
1774782003.2391376,ASIA_PACIFICO,20
1774783803.6897912,Iran_M_Oriente,68
1774783803.6897912,Espana,17
1774783803.6897912,Rusia_Ucrania,62
1774783803.6897912,USA,20
1774783803.6897912,China,19
1774783803.6897912,Latam,17
1774783803.6897912,Mexico,17
1774783803.6897912,Argentina,17
1774783803.6897912,Brasil,17
1774783803.6897912,Sahel,32
1774783803.6897912,Asia_Pacifico,20
1774783803.6897912,Europa_Core,18
1774783803.6897912,North_Korea,35
1774783803.6897912,Australia,18
1774783803.6897912,ARGENTINA,17
1774783803.6897912,LATAM,17
1774783803.6897912,SAHEL,32
1774783803.6897912,ESPANA,17
1774783803.6897912,NORTH_KOREA,35
1774783803.6897912,EUROPA_CORE,18
1774783803.6897912,AUSTRALIA,18
1774783803.6897912,CHINA,19
1774783803.6897912,IRAN_M_ORIENTE,68
1774783803.6897912,MEXICO,17
1774783803.6897912,RUSIA_UCRANIA,62
1774783803.6897912,BRASIL,17
1774783803.6897912,ASIA_PACIFICO,20
1774785603.5930219,Iran_M_Oriente,68
1774785603.5930219,Espana,17
1774785603.5930219,Rusia_Ucrania,62
1774785603.5930219,USA,20
1774785603.5930219,China,19
1774785603.5930219,Latam,17
1774785603.5930219,Mexico,17
1774785603.5930219,Argentina,17
1774785603.5930219,Brasil,17
1774785603.5930219,Sahel,32
1774785603.5930219,Asia_Pacifico,20
1774785603.5930219,Europa_Core,18
1774785603.5930219,North_Korea,35
1774785603.5930219,Australia,18
1774785603.5930219,ARGENTINA,17
1774785603.5930219,LATAM,17
1774785603.5930219,SAHEL,32
1774785603.5930219,ESPANA,17
1774785603.5930219,NORTH_KOREA,35
1774785603.5930219,EUROPA_CORE,18
1774785603.5930219,AUSTRALIA,18
1774785603.5930219,CHINA,19
1774785603.5930219,IRAN_M_ORIENTE,68
1774785603.5930219,MEXICO,17
1774785603.5930219,RUSIA_UCRANIA,62
1774785603.5930219,BRASIL,17
1774785603.5930219,ASIA_PACIFICO,20
1774787403.5699127,Iran_M_Oriente,68
1774787403.5699127,Espana,17
1774787403.5699127,Rusia_Ucrania,62
1774787403.5699127,USA,21
1774787403.5699127,China,19
1774787403.5699127,Latam,18
1774787403.5699127,Mexico,17
1774787403.5699127,Argentina,17
1774787403.5699127,Brasil,17
1774787403.5699127,Sahel,32
1774787403.5699127,Asia_Pacifico,20
1774787403.5699127,Europa_Core,18
1774787403.5699127,North_Korea,35
1774787403.5699127,Australia,18
1774787403.5699127,ARGENTINA,17
1774787403.5699127,LATAM,18
1774787403.5699127,SAHEL,32
1774787403.5699127,ESPANA,17
1774787403.5699127,NORTH_KOREA,35
1774787403.5699127,EUROPA_CORE,18
1774787403.5699127,AUSTRALIA,18
1774787403.5699127,CHINA,19
1774787403.5699127,IRAN_M_ORIENTE,68
1774787403.5699127,MEXICO,17
1774787403.5699127,RUSIA_UCRANIA,62
1774787403.5699127,BRASIL,17
1774787403.5699127,ASIA_PACIFICO,20
1774789203.3125374,Iran_M_Oriente,68
1774789203.3125374,Espana,17
1774789203.3125374,Rusia_Ucrania,62
1774789203.3125374,USA,21
1774789203.3125374,China,19
1774789203.3125374,Latam,18
1774789203.3125374,Mexico,17
1774789203.3125374,Argentina,17
1774789203.3125374,Brasil,17
1774789203.3125374,Sahel,32
1774789203.3125374,Asia_Pacifico,20
1774789203.3125374,Europa_Core,18
1774789203.3125374,North_Korea,35
1774789203.3125374,Australia,18
1774789203.3125374,ARGENTINA,17
1774789203.3125374,LATAM,18
1774789203.3125374,SAHEL,32
1774789203.3125374,ESPANA,17
1774789203.3125374,NORTH_KOREA,35
1774789203.3125374,EUROPA_CORE,18
1774789203.3125374,AUSTRALIA,18
1774789203.3125374,CHINA,19
1774789203.3125374,IRAN_M_ORIENTE,68
1774789203.3125374,MEXICO,17
1774789203.3125374,RUSIA_UCRANIA,62
1774789203.3125374,BRASIL,17
1774789203.3125374,ASIA_PACIFICO,20
1774791003.3327696,Iran_M_Oriente,68
1774791003.3327696,Espana,17
1774791003.3327696,Rusia_Ucrania,62
1774791003.3327696,USA,21
1774791003.3327696,China,19
1774791003.3327696,Latam,18
1774791003.3327696,Mexico,17
1774791003.3327696,Argentina,17
1774791003.3327696,Brasil,17
1774791003.3327696,Sahel,32
1774791003.3327696,Asia_Pacifico,20
1774791003.3327696,Europa_Core,18
1774791003.3327696,North_Korea,35
1774791003.3327696,Australia,18
1774791003.3327696,ARGENTINA,17
1774791003.3327696,LATAM,18
1774791003.3327696,SAHEL,32
1774791003.3327696,ESPANA,17
1774791003.3327696,NORTH_KOREA,35
1774791003.3327696,EUROPA_CORE,18
1774791003.3327696,AUSTRALIA,18
1774791003.3327696,CHINA,19
1774791003.3327696,IRAN_M_ORIENTE,68
1774791003.3327696,MEXICO,17
1774791003.3327696,RUSIA_UCRANIA,62
1774791003.3327696,BRASIL,17
1774791003.3327696,ASIA_PACIFICO,20
1774792804.0020149,Iran_M_Oriente,68
1774792804.0020149,Espana,17
1774792804.0020149,Rusia_Ucrania,62
1774792804.0020149,USA,21
1774792804.0020149,China,19
1774792804.0020149,Latam,18
1774792804.0020149,Mexico,17
1774792804.0020149,Argentina,17
1774792804.0020149,Brasil,17
1774792804.0020149,Sahel,32
1774792804.0020149,Asia_Pacifico,20
1774792804.0020149,Europa_Core,18
1774792804.0020149,North_Korea,35
1774792804.0020149,Australia,18
1774792804.0020149,ARGENTINA,17
1774792804.0020149,LATAM,18
1774792804.0020149,SAHEL,32
1774792804.0020149,ESPANA,17
1774792804.0020149,NORTH_KOREA,35
1774792804.0020149,EUROPA_CORE,18
1774792804.0020149,AUSTRALIA,18
1774792804.0020149,CHINA,19
1774792804.0020149,IRAN_M_ORIENTE,68
1774792804.0020149,MEXICO,17
1774792804.0020149,RUSIA_UCRANIA,62
1774792804.0020149,BRASIL,17
1774792804.0020149,ASIA_PACIFICO,20
1774794603.2086086,Iran_M_Oriente,68
1774794603.2086086,Espana,17
1774794603.2086086,Rusia_Ucrania,62
1774794603.2086086,USA,21
1774794603.2086086,China,19
1774794603.2086086,Latam,18
1774794603.2086086,Mexico,17
1774794603.2086086,Argentina,17
1774794603.2086086,Brasil,17
1774794603.2086086,Sahel,32
1774794603.2086086,Asia_Pacifico,20
1774794603.2086086,Europa_Core,18
1774794603.2086086,North_Korea,35
1774794603.2086086,Australia,18
1774794603.2086086,ARGENTINA,17
1774794603.2086086,LATAM,18
1774794603.2086086,SAHEL,32
1774794603.2086086,ESPANA,17
1774794603.2086086,NORTH_KOREA,35
1774794603.2086086,EUROPA_CORE,18
1774794603.2086086,AUSTRALIA,18
1774794603.2086086,CHINA,19
1774794603.2086086,IRAN_M_ORIENTE,68
1774794603.2086086,MEXICO,17
1774794603.2086086,RUSIA_UCRANIA,62
1774794603.2086086,BRASIL,17
1774794603.2086086,ASIA_PACIFICO,20
1774796403.3942094,Iran_M_Oriente,68
1774796403.3942094,Espana,17
1774796403.3942094,Rusia_Ucrania,62
1774796403.3942094,USA,21
1774796403.3942094,China,19
1774796403.3942094,Latam,18
1774796403.3942094,Mexico,17
1774796403.3942094,Argentina,17
1774796403.3942094,Brasil,17
1774796403.3942094,Sahel,32
1774796403.3942094,Asia_Pacifico,20
1774796403.3942094,Europa_Core,18
1774796403.3942094,North_Korea,35
1774796403.3942094,Australia,18
1774796403.3942094,ARGENTINA,17
1774796403.3942094,LATAM,18
1774796403.3942094,SAHEL,32
1774796403.3942094,ESPANA,17
1774796403.3942094,NORTH_KOREA,35
1774796403.3942094,EUROPA_CORE,18
1774796403.3942094,AUSTRALIA,18
1774796403.3942094,CHINA,19
1774796403.3942094,IRAN_M_ORIENTE,68
1774796403.3942094,MEXICO,17
1774796403.3942094,RUSIA_UCRANIA,62
1774796403.3942094,BRASIL,17
1774796403.3942094,ASIA_PACIFICO,20
1774798203.9903185,Iran_M_Oriente,68
1774798203.9903185,Espana,17
1774798203.9903185,Rusia_Ucrania,62
1774798203.9903185,USA,21
1774798203.9903185,China,19
1774798203.9903185,Latam,18
1774798203.9903185,Mexico,17
1774798203.9903185,Argentina,17
1774798203.9903185,Brasil,17
1774798203.9903185,Sahel,32
1774798203.9903185,Asia_Pacifico,20
1774798203.9903185,Europa_Core,18
1774798203.9903185,North_Korea,35
1774798203.9903185,Australia,18
1774798203.9903185,ARGENTINA,17
1774798203.9903185,LATAM,18
1774798203.9903185,SAHEL,32
1774798203.9903185,ESPANA,17
1774798203.9903185,NORTH_KOREA,35
1774798203.9903185,EUROPA_CORE,18
1774798203.9903185,AUSTRALIA,18
1774798203.9903185,CHINA,19
1774798203.9903185,IRAN_M_ORIENTE,68
1774798203.9903185,MEXICO,17
1774798203.9903185,RUSIA_UCRANIA,62
1774798203.9903185,BRASIL,17
1774798203.9903185,ASIA_PACIFICO,20
1774800003.8150475,Iran_M_Oriente,68
1774800003.8150475,Espana,17
1774800003.8150475,Rusia_Ucrania,62
1774800003.8150475,USA,21
1774800003.8150475,China,19
1774800003.8150475,Latam,18
1774800003.8150475,Mexico,17
1774800003.8150475,Argentina,17
1774800003.8150475,Brasil,17
1774800003.8150475,Sahel,32
1774800003.8150475,Asia_Pacifico,20
1774800003.8150475,Europa_Core,18
1774800003.8150475,North_Korea,35
1774800003.8150475,Australia,18
1774800003.8150475,ARGENTINA,17
1774800003.8150475,LATAM,18
1774800003.8150475,SAHEL,32
1774800003.8150475,ESPANA,17
1774800003.8150475,NORTH_KOREA,35
1774800003.8150475,EUROPA_CORE,18
1774800003.8150475,AUSTRALIA,18
1774800003.8150475,CHINA,19
1774800003.8150475,IRAN_M_ORIENTE,68
1774800003.8150475,MEXICO,17
1774800003.8150475,RUSIA_UCRANIA,62
1774800003.8150475,BRASIL,17
1774800003.8150475,ASIA_PACIFICO,20
1774801803.7659423,Iran_M_Oriente,68
1774801803.7659423,Espana,17
1774801803.7659423,Rusia_Ucrania,62
1774801803.7659423,USA,21
1774801803.7659423,China,19
1774801803.7659423,Latam,18
1774801803.7659423,Mexico,17
1774801803.7659423,Argentina,17
1774801803.7659423,Brasil,17
1774801803.7659423,Sahel,32
1774801803.7659423,Asia_Pacifico,20
1774801803.7659423,Europa_Core,18
1774801803.7659423,North_Korea,35
1774801803.7659423,Australia,18
1774801803.7659423,ARGENTINA,17
1774801803.7659423,LATAM,18
1774801803.7659423,SAHEL,32
1774801803.7659423,ESPANA,17
1774801803.7659423,NORTH_KOREA,35
1774801803.7659423,EUROPA_CORE,18
1774801803.7659423,AUSTRALIA,18
1774801803.7659423,CHINA,19
1774801803.7659423,IRAN_M_ORIENTE,68
1774801803.7659423,MEXICO,17
1774801803.7659423,RUSIA_UCRANIA,62
1774801803.7659423,BRASIL,17
1774801803.7659423,ASIA_PACIFICO,20
1774803604.0340126,Iran_M_Oriente,68
1774803604.0340126,Espana,17
1774803604.0340126,Rusia_Ucrania,62
1774803604.0340126,USA,21
1774803604.0340126,China,19
1774803604.0340126,Latam,18
1774803604.0340126,Mexico,17
1774803604.0340126,Argentina,17
1774803604.0340126,Brasil,17
1774803604.0340126,Sahel,32
1774803604.0340126,Asia_Pacifico,20
1774803604.0340126,Europa_Core,18
1774803604.0340126,North_Korea,35
1774803604.0340126,Australia,18
1774803604.0340126,ARGENTINA,17
1774803604.0340126,LATAM,18
1774803604.0340126,SAHEL,32
1774803604.0340126,ESPANA,17
1774803604.0340126,NORTH_KOREA,35
1774803604.0340126,EUROPA_CORE,18
1774803604.0340126,AUSTRALIA,18
1774803604.0340126,CHINA,19
1774803604.0340126,IRAN_M_ORIENTE,68
1774803604.0340126,MEXICO,17
1774803604.0340126,RUSIA_UCRANIA,62
1774803604.0340126,BRASIL,17
1774803604.0340126,ASIA_PACIFICO,20
1774805403.4343283,Iran_M_Oriente,68
1774805403.4343283,Espana,17
1774805403.4343283,Rusia_Ucrania,62
1774805403.4343283,USA,21
1774805403.4343283,China,19
1774805403.4343283,Latam,18
1774805403.4343283,Mexico,17
1774805403.4343283,Argentina,17
1774805403.4343283,Brasil,17
1774805403.4343283,Sahel,32
1774805403.4343283,Asia_Pacifico,20
1774805403.4343283,Europa_Core,18
1774805403.4343283,North_Korea,35
1774805403.4343283,Australia,18
1774805403.4343283,ARGENTINA,17
1774805403.4343283,LATAM,18
1774805403.4343283,SAHEL,32
1774805403.4343283,ESPANA,17
1774805403.4343283,NORTH_KOREA,35
1774805403.4343283,EUROPA_CORE,18
1774805403.4343283,AUSTRALIA,18
1774805403.4343283,CHINA,19
1774805403.4343283,IRAN_M_ORIENTE,68
1774805403.4343283,MEXICO,17
1774805403.4343283,RUSIA_UCRANIA,62
1774805403.4343283,BRASIL,17
1774805403.4343283,ASIA_PACIFICO,20
1774807203.407833,Iran_M_Oriente,68
1774807203.407833,Espana,17
1774807203.407833,Rusia_Ucrania,62
1774807203.407833,USA,21
1774807203.407833,China,19
1774807203.407833,Latam,18
1774807203.407833,Mexico,17
1774807203.407833,Argentina,17
1774807203.407833,Brasil,17
1774807203.407833,Sahel,32
1774807203.407833,Asia_Pacifico,20
1774807203.407833,Europa_Core,18
1774807203.407833,North_Korea,35
1774807203.407833,Australia,18
1774807203.407833,ARGENTINA,17
1774807203.407833,LATAM,18
1774807203.407833,SAHEL,32
1774807203.407833,ESPANA,17
1774807203.407833,NORTH_KOREA,35
1774807203.407833,EUROPA_CORE,18
1774807203.407833,AUSTRALIA,18
1774807203.407833,CHINA,19
1774807203.407833,IRAN_M_ORIENTE,68
1774807203.407833,MEXICO,17
1774807203.407833,RUSIA_UCRANIA,62
1774807203.407833,USA,21
1774807203.407833,BRASIL,17
1774807203.407833,ASIA_PACIFICO,20
